{"ditu": {"x": 340, "y": 458.0, "width": 682, "height": 918 },"1baisedian": {"x": 328, "y": 475.5, "width": 592, "height": 839 },"1biankuang1": {"x": 340, "y": 337.5, "width": 682, "height": 677 },"1biankuang2": {"x": 340, "y": 458.0, "width": 682, "height": 918 },"1shu1": {"x": 60.0000000000001, "y": 184.5, "width": 28, "height": 205 },"1shu2": {"x": 179.5, "y": 189.0, "width": 93, "height": 212 },"1shu3": {"x": 104.5, "y": 183.0, "width": 91, "height": 196 },"1shu4": {"x": 583, "y": 560.5, "width": 108, "height": 121 },"1shu5": {"x": 474.5, "y": 540.5, "width": 127, "height": 79 },"2shu6": {"x": 578.5, "y": 721.5, "width": 115, "height": 99 },"2fangzi1": {"x": 578.5, "y": 801.5, "width": 117, "height": 69 },"2fangzi2": {"x": 256.5, "y": 187.5, "width": 77, "height": 213 },"2shu7": {"x": 110, "y": 746.5, "width": 130, "height": 155 },"2shu1": {"x": 514, "y": 280.5, "width": 202, "height": 387 },"2guizi1": {"x": 544.5, "y": 194.5, "width": 185, "height": 219 },"2fangzi3": {"x": 607.5, "y": 340.5, "width": 61, "height": 93 },"2shu8": {"x": 93.5000000000001, "y": 483.0, "width": 95, "height": 218 },"2guizi2": {"x": 224, "y": 444.0, "width": 144, "height": 140 },"2shu9": {"x": 446, "y": 728.5, "width": 148, "height": 119 },"2shu10": {"x": 372, "y": 561.0, "width": 108, "height": 124 },"2wuding": {"x": 273, "y": 291.5, "width": 44, "height": 25 },"2shu2": {"x": 221.5, "y": 567.5, "width": 111, "height": 119 },"3ludeng1": {"x": 279.5, "y": 548.0, "width": 31, "height": 78 },"3yizi1": {"x": 225, "y": 526.0, "width": 90, "height": 32 },"3shu11": {"x": 386.5, "y": 196.0, "width": 137, "height": 224 },"3fangzi4": {"x": 399.5, "y": 279.5, "width": 33, "height": 49 },"3qiche": {"x": 571, "y": 692.5, "width": 84, "height": 43 },"3fangzi5": {"x": 216.5, "y": 738.0, "width": 113, "height": 136 },"3fangzi6": {"x": 384, "y": 128.0, "width": 104, "height": 84 },"3men1": {"x": 111.5, "y": 719.0, "width": 87, "height": 98 },"3shu12": {"x": 321.5, "y": 695.5, "width": 113, "height": 53 },"3shu3": {"x": 311.5, "y": 776.5, "width": 111, "height": 119 },"3yizi2": {"x": 312.5, "y": 733.0, "width": 43, "height": 28 },"3yizi3": {"x": 482, "y": 175.5, "width": 50, "height": 79 },"3shu13": {"x": 142, "y": 305.0, "width": 150, "height": 66 },"3shu14": {"x": 446, "y": 790.5, "width": 134, "height": 39 },"3ludeng2": {"x": 464.5, "y": 597.0, "width": 57, "height": 44 },"3caocong": {"x": 456, "y": 683.5, "width": 74, "height": 29 },"4shu15": {"x": 401.5, "y": 375.5, "width": 167, "height": 141 },"4yuanxing": {"x": 342, "y": 461.5, "width": 654, "height": 869 },"4dashu": {"x": 199, "y": 432.0, "width": 374, "height": 866 },"4chuanghu": {"x": 173.5, "y": 628.5, "width": 35, "height": 89 },"4men2": {"x": 136, "y": 139.5, "width": 52, "height": 119 },"4yezi": {"x": 350, "y": 514.0, "width": 560, "height": 654 },"xg1": {"x": 341.5, "y": 477.5, "width": 595, "height": 779 },"xg2": {"x": 341, "y": 460.5, "width": 590, "height": 755 },"xg3": {"x": 340, "y": 455.5, "width": 546, "height": 745 },"xg4": {"x": 333, "y": 446.5, "width": 646, "height": 895 }}