{"ditu": {"x": 340, "y": 458.0, "width": 682, "height": 918 },"1qiang": {"x": 340, "y": 580.5, "width": 682, "height": 673 },"1diban": {"x": 340, "y": 123.0, "width": 682, "height": 248 },"1xiaoguizi": {"x": 59.5, "y": 237.5, "width": 121, "height": 193 },"1geban": {"x": 125, "y": 671.5, "width": 252, "height": 41 },"1chuanghu": {"x": 624, "y": 536.5, "width": 114, "height": 285 },"1chuanghu2": {"x": 391, "y": 686.5, "width": 154, "height": 297 },"1taideng2": {"x": 66.0000000000001, "y": 370.5, "width": 64, "height": 111 },"1taideng1": {"x": 66.5, "y": 464.5, "width": 101, "height": 87 },"1huapen": {"x": 15.5, "y": 336.0, "width": 33, "height": 42 },"ty1": {"x": 340, "y": 476.5, "width": 682, "height": 687 },"2zhuozi": {"x": 358.5, "y": 148.0, "width": 645, "height": 298 },"2bandeng": {"x": 332, "y": 347.5, "width": 296, "height": 123 },"2huakuang": {"x": 64.5, "y": 790.5, "width": 131, "height": 213 },"2zhuobu": {"x": 324.5, "y": 170.0, "width": 375, "height": 256 },"2shu": {"x": 264.5, "y": 217.5, "width": 291, "height": 181 },"2beizi": {"x": 192.5, "y": 101.0, "width": 99, "height": 90 },"2lazhu2": {"x": 592, "y": 266.0, "width": 62, "height": 58 },"2huapen": {"x": 200.5, "y": 715.0, "width": 59, "height": 54 },"2zhiwujing": {"x": 186.5, "y": 680.0, "width": 119, "height": 148 },"2boliguan": {"x": 603.5, "y": 309.0, "width": 125, "height": 162 },"2nvren": {"x": 336, "y": 401.0, "width": 242, "height": 442 },"ty2": {"x": 376, "y": 441.5, "width": 510, "height": 805 },"3duanlazhu": {"x": 504.5, "y": 244.0, "width": 83, "height": 72 },"3huanglazhu": {"x": 632, "y": 265.0, "width": 50, "height": 106 },"3luoye1": {"x": 573, "y": 193.5, "width": 48, "height": 25 },"3luoye2": {"x": 236, "y": 54.0, "width": 80, "height": 56 },"3miao": {"x": 532, "y": 109.0, "width": 234, "height": 194 },"3zhiwuyezi": {"x": 191.5, "y": 674.5, "width": 117, "height": 153 },"3zhutai1": {"x": 88.0000000000001, "y": 765.5, "width": 96, "height": 163 },"3luhui": {"x": 17, "y": 377.5, "width": 36, "height": 51 },"3yezi1": {"x": 411.5, "y": 230.0, "width": 57, "height": 40 },"3zuochuanglian": {"x": 48, "y": 458.0, "width": 98, "height": 918 },"3youchuanglian": {"x": 628, "y": 458.0, "width": 106, "height": 918 },"ty3": {"x": 451.5, "y": 115.0, "width": 409, "height": 216 },"xg1": {"x": 340, "y": 488.5, "width": 682, "height": 697 },"xg2": {"x": 340, "y": 448.0, "width": 682, "height": 898 },"xg3": {"x": 340, "y": 458.0, "width": 682, "height": 918 }}