{"bg": {"x": 340, "y": 458, "width": 680, "height": 916 },"1_lou1": {"x": 254, "y": 515, "width": 508, "height": 802 },"1_lu": {"x": 340, "y": 74.5, "width": 680, "height": 149 },"1_loukuang3": {"x": 216.5, "y": 335, "width": 245, "height": 418 },"1_loukuang2": {"x": 290.5, "y": 743.5, "width": 131, "height": 311 },"1_loukuang": {"x": 78.5000000000001, "y": 732.5, "width": 131, "height": 335 },"1_loukuang": {"x": 78.5000000000001, "y": 744, "width": 131, "height": 312 },"1_shuchong2": {"x": 486, "y": 233.5, "width": 178, "height": 223 },"1_shucong1": {"x": 590, "y": 223.5, "width": 180, "height": 201 },"1_chuanghu2": {"x": 80, "y": 715, "width": 110, "height": 238 },"1_chuanghu1": {"x": 293.5, "y": 716, "width": 103, "height": 238 },"1_men2": {"x": 222, "y": 294.5, "width": 208, "height": 367 },"1_men": {"x": 223.5, "y": 292.5, "width": 165, "height": 331 },"1yinying": {"x": 291.5, "y": 476.5, "width": 547, "height": 879 },"2_ck2": {"x": 291, "y": 718.5, "width": 110, "height": 243 },"2_ck1": {"x": 78.4999999999999, "y": 712.5, "width": 113, "height": 249 },"2_hp3": {"x": 360, "y": 177.5, "width": 90, "height": 107 },"2_huapen2": {"x": 44, "y": 174.5, "width": 88, "height": 115 },"2_dgmc2": {"x": 365.5, "y": 262.5, "width": 129, "height": 105 },"2daguanmuzuo": {"x": 50, "y": 294, "width": 100, "height": 152 },"2_huapen1": {"x": 286.5, "y": 609, "width": 127, "height": 50 },"2_xiaogmc2": {"x": 313, "y": 663, "width": 78, "height": 66 },"2_xiaogmc": {"x": 249.5, "y": 650, "width": 57, "height": 42 },"2_shu1": {"x": 459, "y": 650, "width": 256, "height": 520 },"2_shuganzuo": {"x": 454.5, "y": 486.5, "width": 153, "height": 711 },"2_luoye1": {"x": 355.5, "y": 33.5, "width": 263, "height": 67 },"2zhalan": {"x": 213.5, "y": 234.5, "width": 141, "height": 205 },"2yinying": {"x": 325, "y": 429, "width": 578, "height": 858 },"3_shuyou": {"x": 563.5, "y": 579.5, "width": 233, "height": 517 },"3_shuganyou": {"x": 566.5, "y": 459, "width": 197, "height": 674 },"3_lu1": {"x": 340, "y": 122.5, "width": 680, "height": 41 },"3renwu": {"x": 226, "y": 225, "width": 214, "height": 372 },"3dayi": {"x": 203.5, "y": 237, "width": 153, "height": 230 },"3_huapen1": {"x": 81.4999999999999, "y": 604.5, "width": 133, "height": 47 },"3_xiaogmc": {"x": 79.4999999999999, "y": 653.5, "width": 153, "height": 67 },"3_youlangan": {"x": 355.5, "y": 228.5, "width": 139, "height": 195 },"3_zuolangan": {"x": 74.5, "y": 225, "width": 149, "height": 192 },"3_gou": {"x": 388.5, "y": 137.5, "width": 285, "height": 169 },"3_youxie": {"x": 298.5, "y": 70.5, "width": 69, "height": 51 },"3_zuoxie": {"x": 145, "y": 68, "width": 56, "height": 60 },"3_luoye4": {"x": 114.5, "y": 466, "width": 81, "height": 144 },"3_luoye3": {"x": 375, "y": 396.5, "width": 50, "height": 21 },"3luoye2": {"x": 429.5, "y": 348.5, "width": 103, "height": 49 },"3_luoye1": {"x": 561.5, "y": 303, "width": 59, "height": 42 },"3_zhalan": {"x": 286, "y": 614.5, "width": 176, "height": 65 },"3yinying": {"x": 363.5, "y": 331, "width": 633, "height": 610 },"4shuchongyou": {"x": 582, "y": 86.5, "width": 196, "height": 173 },"4_shucong1": {"x": 104, "y": 47.5, "width": 208, "height": 95 },"4bao": {"x": 143.5, "y": 266.5, "width": 117, "height": 155 },"4weijin": {"x": 217, "y": 314.5, "width": 70, "height": 103 },"4_luoye4": {"x": 456.5, "y": 619.5, "width": 41, "height": 41 },"4_luoye3": {"x": 347.5, "y": 549, "width": 41, "height": 28 },"4_luoye2": {"x": 325, "y": 428, "width": 52, "height": 38 },"4_luoye1": {"x": 195, "y": 679, "width": 40, "height": 32 },"4_zuozhalan": {"x": 83.0000000000001, "y": 611.5, "width": 162, "height": 65 },"4yinying": {"x": 183.5, "y": 508.5, "width": 335, "height": 291 },"xg1": {"x": 340, "y": 511.5, "width": 680, "height": 809 },"xg2": {"x": 288, "y": 454.5, "width": 576, "height": 897 },"xg3": {"x": 340, "y": 440, "width": 680, "height": 804 },"xg4": {"x": 340, "y": 347.5, "width": 680, "height": 695 }}