{"ditu": {"x": 340, "y": 458.0, "width": 682, "height": 918 },"1di": {"x": 340, "y": 229.0, "width": 682, "height": 460 },"1lou1": {"x": 104, "y": 599.0, "width": 210, "height": 284 },"1lou1yancong1": {"x": 185.5, "y": 831.0, "width": 51, "height": 92 },"1lou1yancong2": {"x": 51.4999999999999, "y": 828.5, "width": 43, "height": 95 },"1lou1langan": {"x": 106, "y": 796.0, "width": 214, "height": 32 },"1lou1peijian": {"x": 103, "y": 776.5, "width": 208, "height": 85 },"1lou1chuanghu3": {"x": 164.5, "y": 573.5, "width": 33, "height": 89 },"1lou1chuanghu2": {"x": 100, "y": 574.5, "width": 52, "height": 89 },"1lou1chuanghu1": {"x": 36.0000000000001, "y": 576.5, "width": 60, "height": 87 },"1lou2": {"x": 290, "y": 630.5, "width": 176, "height": 347 },"1lou3": {"x": 527, "y": 651.5, "width": 308, "height": 391 },"2lou1chuanghu4": {"x": 108, "y": 693.0, "width": 142, "height": 60 },"2lou1chuanghu5": {"x": 112.5, "y": 695.0, "width": 29, "height": 64 },"2lou1zhuzi": {"x": 104.5, "y": 692.0, "width": 179, "height": 94 },"2lou3peijian": {"x": 498.5, "y": 673.5, "width": 149, "height": 437 },"2lou4": {"x": 385, "y": 644.0, "width": 208, "height": 374 },"2lou4peijian": {"x": 338.5, "y": 654.5, "width": 79, "height": 163 },"2lou5": {"x": 336.5, "y": 371.5, "width": 287, "height": 495 },"2lou5fangding": {"x": 336.5, "y": 556.5, "width": 287, "height": 131 },"2lou5chuanghu1": {"x": 341.5, "y": 443.5, "width": 159, "height": 77 },"2lou5chuanghu2": {"x": 351, "y": 543.0, "width": 28, "height": 88 },"2lou5chuanghu3": {"x": 341, "y": 234.0, "width": 94, "height": 202 },"2lou6": {"x": 549, "y": 333.5, "width": 264, "height": 421 },"2lou6ding": {"x": 546, "y": 594.5, "width": 270, "height": 113 },"2lou6chuanghu": {"x": 480, "y": 404.0, "width": 82, "height": 210 },"2lou6chuanghu2": {"x": 642.5, "y": 406.0, "width": 57, "height": 252 },"ty2": {"x": 447.5, "y": 481.0, "width": 337, "height": 752 },"3lou6chuanghu3": {"x": 550.5, "y": 601.0, "width": 223, "height": 38 },"3lou7": {"x": 551, "y": 368.0, "width": 118, "height": 492 },"3lou7peishi": {"x": 552, "y": 658.5, "width": 118, "height": 251 },"3lou8": {"x": 121, "y": 241.5, "width": 244, "height": 485 },"3lou8ding": {"x": 128.5, "y": 476.0, "width": 259, "height": 118 },"3lou8zhuangshi1": {"x": 153.5, "y": 495.0, "width": 39, "height": 250 },"3lou8zhuangshi2": {"x": 215.5, "y": 548.0, "width": 97, "height": 250 },"3shuyou": {"x": 550, "y": 150.5, "width": 262, "height": 303 },"3lu": {"x": 388, "y": 83.0, "width": 296, "height": 168 },"3lu2": {"x": 419, "y": 100.0, "width": 362, "height": 202 },"3zuoshu": {"x": 101.5, "y": 114.5, "width": 205, "height": 231 },"3ludeng": {"x": 452, "y": 202.0, "width": 66, "height": 322 },"ty3": {"x": 355, "y": 443.5, "width": 578, "height": 423 },"xg1": {"x": 340, "y": 666.5, "width": 682, "height": 427 },"xg2": {"x": 348, "y": 504.0, "width": 666, "height": 782 },"xg3": {"x": 340, "y": 393.5, "width": 682, "height": 789 }}